,ID,UniGene.ID,GenBank.Accession,logFC,CI.L,CI.R,AveExpr,t,P.Value,adj.P.Val,B,Sequence
0,1010104,Omy.9017,CB487244,0.155522488816552,-0.0670915772079889,0.378136554841093,13.80615102169455,1.784316913256212,0.1331869135584954,0.2948343006606693,-5.78160383844491,CAGCAGGTGCATGCCAGGGACAAGAAGCTGTTTACTTCTTGGTGGTCTCCTCCTCCTTTGACAGGGTCTTGATGATTTCCTCTTTCTTTGCTGCCAGGCGCTCCTCTCTGCGCTTACGGGCCTCCTTTGTCTTGGAACGACGGGCCTCAGCCTGGTCACACAGAAGCTTCTTGCGGGCCTTGTCTGCCTTCAGCTTGTGGATGTGCTCCATGAGGATACGCTTGTTCTTGAACACGTTACCCTTCACCTTAAGGTAGAGG
1,1010105,Ssa.7800,CA050078,2.308862542728649,1.961308438015192,2.6564166474421063,10.924069332248465,16.967077855516166,1.0882294764830444e-05,0.0032783935084341,4.369249194194223,ACCGTTCTCTAACTGTACTTGGGATGGACGCAAATATATAAACTGTAAATGGCTTGGATGAATCTCTATATAAAATTGTCCATTGTAAGAGTGAAATGGAAAGTCAGAGAGAGGGTGATGGGGATGGATGTAGAGATAAAAGAGAAAGGCAAAAGTGTTGAGGGTCTTTGTCTTCAGGGTCCTTTTGGACAGGCTGAGAACTCGATGTACTCTTCATTCTCATCATTTCCATCAAACAGAGGCTAAGCTTGGTACCCTATGACCCTGAAGAACTCCATAACAACTTCATTCTCTATAGCCTGAGCCACATCCATGGGCGTCTTCCCGTCGTAGCCTCGTATGTTCAGGTCTCCCCCGGCCAGGTGCCACATTTCCAGGCCCTCGATGTCAGCCTTGGATGCCAGACGGCACAGCTCTGCTCCTGCATCCTTCAGCTCATCGCTGGAGAAACGGGCTCCTCTCTCTCAGCAACTTCACCACCTCTTTGCGTCTGAAATGCACAGCGTTGCGCAGGGGTGTGTCCCCATTGCGATCTTTGGCATGGACGGTGGCTCCCTGGTCCAGTAGATACTGCACCACTTTGAGGTGGCCCTCACTGGCAGCGATGTGCAGAGGGGTGCGTCCATCATAGTCCCCCAGACTCAGGTTACTGCCCATCTCCTTTA
2,1010106,Ssa.7800,CA050078,2.2889402533428456,1.861681080087597,2.716199426598094,10.897770194332905,13.682783570065586,3.200613999702627e-05,0.0053751850114236,3.324643436672222,ACCGTTCTCTAACTGTACTTGGGATGGACGCAAATATATAAACTGTAAATGGCTTGGATGAATCTCTATATAAAATTGTCCATTGTAAGAGTGAAATGGAAAGTCAGAGAGAGGGTGATGGGGATGGATGTAGAGATAAAAGAGAAAGGCAAAAGTGTTGAGGGTCTTTGTCTTCAGGGTCCTTTTGGACAGGCTGAGAACTCGATGTACTCTTCATTCTCATCATTTCCATCAAACAGAGGCTAAGCTTGGTACCCTATGACCCTGAAGAACTCCATAACAACTTCATTCTCTATAGCCTGAGCCACATCCATGGGCGTCTTCCCGTCGTAGCCTCGTATGTTCAGGTCTCCCCCGGCCAGGTGCCACATTTCCAGGCCCTCGATGTCAGCCTTGGATGCCAGACGGCACAGCTCTGCTCCTGCATCCTTCAGCTCATCGCTGGAGAAACGGGCTCCTCTCTCTCAGCAACTTCACCACCTCTTTGCGTCTGAAATGCACAGCGTTGCGCAGGGGTGTGTCCCCATTGCGATCTTTGGCATGGACGGTGGCTCCCTGGTCCAGTAGATACTGCACCACTTTGAGGTGGCCCTCACTGGCAGCGATGTGCAGAGGGGTGCGTCCATCATAGTCCCCCAGACTCAGGTTACTGCCCATCTCCTTTA
3,1010107,Ssa.31097,CA049880,0.6830839896539368,0.4194670148778234,0.94670096443005,13.910286020121038,6.618081804041869,0.0010898302340866,0.0168351183631545,-0.4777451652395532,ACAGGACATAAAAGAAAGATTCGACAAGTTTCTTCATGAAAAGAATATCATGACCGATGCATTGGCAAAGATCGAAGCTAAAACTGGAGTAAACAGGGCCTATATCGCAATCGTTGTCGTCATCATTCTCGCAATTTACCTGGTTATTGGGTATGGAGCCTCCCTACTGTGCAACCTCATCGGATTTGCTTATCCAGCCTACATATCGATCAAAGCCATTGAGAGTGTAACCAAAGATGATGACACAAAATGGCTGACCTACTGGGTGGTGTATGGGGTGTTCAGCGTGGCAGAGTTCTTTGCTGACATCTTCCTGTCCTGGTTCCCATTTTACTACATGGGAAAGTGTGCCTTCTTGGTGTGGTGCATGGCTCCAACTCCTTCTAACGGTTCCATCCAGATATACACGCGGATCATCCGCCCCATCTTCCTCAAGCACGAGGCTAAGATTGACAACATAGCCAAGGACCTCAAGGGCAAGGCGGCAGAGGCTGCAGACAAGTTCAAAGATGAAGCGAAGAAAGCGACGGCGAACATAATGTGGGAGGAGGGGATGAAGAAGGACTCCTAAAGGCGCCACGAGGACAAAGTTCCCAAAGTTCAACAGCATTGTCATCTCTGGAGTGGACTGTGTTACACAGCTCAATCAATGTTGCCTTGGATTTTTTTTA
4,1010108,Ssa.31097,CA049880,0.8236346512580375,0.5173041080093435,1.1299651945067315,13.763556189706849,6.867136895041207,0.0009173287642919352,0.0157387664018889,-0.2843301554924951,ACAGGACATAAAAGAAAGATTCGACAAGTTTCTTCATGAAAAGAATATCATGACCGATGCATTGGCAAAGATCGAAGCTAAAACTGGAGTAAACAGGGCCTATATCGCAATCGTTGTCGTCATCATTCTCGCAATTTACCTGGTTATTGGGTATGGAGCCTCCCTACTGTGCAACCTCATCGGATTTGCTTATCCAGCCTACATATCGATCAAAGCCATTGAGAGTGTAACCAAAGATGATGACACAAAATGGCTGACCTACTGGGTGGTGTATGGGGTGTTCAGCGTGGCAGAGTTCTTTGCTGACATCTTCCTGTCCTGGTTCCCATTTTACTACATGGGAAAGTGTGCCTTCTTGGTGTGGTGCATGGCTCCAACTCCTTCTAACGGTTCCATCCAGATATACACGCGGATCATCCGCCCCATCTTCCTCAAGCACGAGGCTAAGATTGACAACATAGCCAAGGACCTCAAGGGCAAGGCGGCAGAGGCTGCAGACAAGTTCAAAGATGAAGCGAAGAAAGCGACGGCGAACATAATGTGGGAGGAGGGGATGAAGAAGGACTCCTAAAGGCGCCACGAGGACAAAGTTCCCAAAGTTCAACAGCATTGTCATCTCTGGAGTGGACTGTGTTACACAGCTCAATCAATGTTGCCTTGGATTTTTTTTA
5,1010109,,,0.3413383060227019,-0.1641721972475907,0.8468488092929944,7.944176302271911,1.724591502200665,0.1439399360677939,0.3123765778147598,-5.859174893256212,
6,1010110,,,0.1891616513387558,-0.5216524051033335,0.899975707780845,7.834749798844996,0.6796862523281051,0.5262701353142445,0.7113321609192536,-6.988747442315728,
7,1010111,,CA049903,0.4793758876367796,0.0624845770542644,0.8962671982192948,12.437499250393708,2.936870107924397,0.0315369133614042,0.1129466739100895,-4.256449373689689,CAACATCGGCGGATTAAAACGGACAGATATCGCTGGACATTCCATAACATGAGAATGTCTCTTGTGGAGGAGCGAGAGAAGGCCACCCTCAGGCAGTGTGTGCAGGCCCGCTCTCAGTTGGAGGAGGCCATTGGTGGGGTGACGAGGGCTGAGGCCCAGCTCAAGGACAACTCCAGAGAGGTGAAGTCCCAGCTTCACACCTCTATCAGCAGACACCTGGAGTTTATGCGCTCCCGTGAGGTGTGGCTGCTGGAGCAGATTGACCTTGTGGAGCAGCTAAAGGGAGAGGCTCTGCAGGCGCAGCTGCATCAGCTTCACTGTCTCCGAGGCCAGTTTGACATTCTCATTCATCAGCTAGCGAACTCCAACAGCAACAATCTGGCCAACCAGCTCACCAGCTGCATGGAAAAGTTATCTTCCCTGAACTTGACTCCTGAGGAAACCCCTGAGATGAGCTTCCAGGCTGACACTCGTTCCCTGCGTCAGGCCATTACCTCCTTTGGAACCATTGCCACCCAGCACATGGAAGTAGGACCCGTGCTGAATATTGTCCCTGAAAAATGTAATACTAGCGAGCAACCTTGGCTT
8,1010112,,CA049903,0.5077746485896908,0.1464185831840179,0.8691307139953637,12.577850513074424,3.5889471414465355,0.0151527692526412,0.0703130360697745,-3.4443756817646025,CAACATCGGCGGATTAAAACGGACAGATATCGCTGGACATTCCATAACATGAGAATGTCTCTTGTGGAGGAGCGAGAGAAGGCCACCCTCAGGCAGTGTGTGCAGGCCCGCTCTCAGTTGGAGGAGGCCATTGGTGGGGTGACGAGGGCTGAGGCCCAGCTCAAGGACAACTCCAGAGAGGTGAAGTCCCAGCTTCACACCTCTATCAGCAGACACCTGGAGTTTATGCGCTCCCGTGAGGTGTGGCTGCTGGAGCAGATTGACCTTGTGGAGCAGCTAAAGGGAGAGGCTCTGCAGGCGCAGCTGCATCAGCTTCACTGTCTCCGAGGCCAGTTTGACATTCTCATTCATCAGCTAGCGAACTCCAACAGCAACAATCTGGCCAACCAGCTCACCAGCTGCATGGAAAAGTTATCTTCCCTGAACTTGACTCCTGAGGAAACCCCTGAGATGAGCTTCCAGGCTGACACTCGTTCCCTGCGTCAGGCCATTACCTCCTTTGGAACCATTGCCACCCAGCACATGGAAGTAGGACCCGTGCTGAATATTGTCCCTGAAAAATGTAATACTAGCGAGCAACCTTGGCTT
9,1010113,,,-0.257942905222303,-0.7670279389460934,0.2511421285014873,7.4035493781789405,-1.2940905144588826,0.2510342092123303,0.4496988203182114,-6.390735192155637,
10,1010114,,U17997,0.217398939755642,-0.2761599409816416,0.7109578204929257,7.740870689705253,1.1249930710261389,0.3106421231812688,0.5139897047635508,-6.579510110045048,
11,1010201,,,-0.0078867830819215,-0.3492190369721458,0.3334454708083029,8.437666998086886,-0.0590138521397562,0.9551797275685208,0.9753525694456052,-7.249727636264656,ACAACGAGACCCAGATGTCCTTCAGGGGAGAGGGGCAAAGGACGGATTCAAAGACAGGTGGAGATCACTGGGAAAGTGACCACTGATGAGGAGCTGGAGGAGATTCTGCACAGTGAAAATCCTGCCATCTTCACCTGTGATATCATCTACGACTCCCAGATCACGCGCCAGGCTCTGAATGAGATCGAGTCTTGCCATAAGGACATCATCCGCCTGGAGTCCAGCATCAGGGAGCTCCACGAGATGTTTGTTGACATGGCCATGCTGGTGGAGACTCAGGGGGAGATGATCAACAACATATAGAAGAACGTGAGCAGTGCAGCAGAG
12,1010202,,,0.0554805876557443,-0.6158344299394294,0.7267956052509179,8.519269689292955,0.2110795144177376,0.8409859880616647,0.9205018177040406,-7.225408396796086,ACAACGAGACCCAGATGTCCTTCAGGGGAGAGGGGCAAAGGACGGATTCAAAGACAGGTGGAGATCACTGGGAAAGTGACCACTGATGAGGAGCTGGAGGAGATTCTGCACAGTGAAAATCCTGCCATCTTCACCTGTGATATCATCTACGACTCCCAGATCACGCGCCAGGCTCTGAATGAGATCGAGTCTTGCCATAAGGACATCATCCGCCTGGAGTCCAGCATCAGGGAGCTCCACGAGATGTTTGTTGACATGGCCATGCTGGTGGAGACTCAGGGGGAGATGATCAACAACATATAGAAGAACGTGAGCAGTGCAGCAGAG
13,1010203,,,-0.1012771430741078,-0.5523475328015008,0.3497932466532852,7.230477740121872,-0.5734539114956798,0.5906537788694906,0.7610179183929272,-7.062231161401934,
14,1010204,,,0.3683660505017911,0.0928678973246008,0.6438642036789815,7.330726858899501,3.4150125373957625,0.0183039918957288,0.0791722442919266,-3.655031811836584,
15,1010205,Omy.617,CB494346,-0.2910447397804006,-0.5329746812933046,-0.0491147982674965,13.20930243332799,-3.0725681936020037,0.026926189353348,0.1011382415581885,-4.082636404295865,CTCACATTACGTCAAAAAAGCCGCTTGTGATGGGAGAGGGTCGGAGGTCGAAGATTAAAAAAAACTTGACCCCTGACCCCAAGAGGGTAGACAGTCAGCTGTGATGGAAGGAAAAAGAAAGGCGTAGTTCAGGTCAGAGGTCAGGGTTTAGTTGATCTTGGGGTGGCGGTAGTCCTTGCCGGCGAACTTTGCCTTGTCTCCAAGCTCCTCCTCAATCCTCATCAGCTGGTTGTATTTGGCCAGACGTTCTGATCTACAGGGGGCCCCAGTCTTGATCTGTCCAGTGCAGAGTCCGACCACCAGGTCAGCGATGAAAGTATCCTCTGTCTCTCCGGAACGATGAGACACCATCACACCCCATCCGTTAGACTGAGCCAGTTTACACGCCTTGATGGACTCTGTGACGGAGCCGATCTGGTTGACCTTGAGGAGCAGGCAGTTACAGGCCTTCTTCTCCACAGCCTGCTGGATACGCTTGGGGTTGGTCACGGTCAGATCATCTCCCACCACCTGGATGTCGACAGCGGCGGTGAACTTTGACCATGCAGCCCAATCATCCTGATCGAAGGGATCCTCAATGGACTGGACGGGATATCCCTTGATGAAGCTCTTGTACAGATCTCCCAGCTGATCCCCGGTGATGTACCTGGCAGGGTCGTCAGGTGACTTGAAGTCTAGGTCGTACTTTCCTGCCTT
16,1010206,Omy.617,CB494346,-0.3629829390915949,-0.663437369573882,-0.0625285086093077,13.176566893046989,-3.085595531350032,0.0265247072790695,0.1001471113999629,-4.066073537213546,CTCACATTACGTCAAAAAAGCCGCTTGTGATGGGAGAGGGTCGGAGGTCGAAGATTAAAAAAAACTTGACCCCTGACCCCAAGAGGGTAGACAGTCAGCTGTGATGGAAGGAAAAAGAAAGGCGTAGTTCAGGTCAGAGGTCAGGGTTTAGTTGATCTTGGGGTGGCGGTAGTCCTTGCCGGCGAACTTTGCCTTGTCTCCAAGCTCCTCCTCAATCCTCATCAGCTGGTTGTATTTGGCCAGACGTTCTGATCTACAGGGGGCCCCAGTCTTGATCTGTCCAGTGCAGAGTCCGACCACCAGGTCAGCGATGAAAGTATCCTCTGTCTCTCCGGAACGATGAGACACCATCACACCCCATCCGTTAGACTGAGCCAGTTTACACGCCTTGATGGACTCTGTGACGGAGCCGATCTGGTTGACCTTGAGGAGCAGGCAGTTACAGGCCTTCTTCTCCACAGCCTGCTGGATACGCTTGGGGTTGGTCACGGTCAGATCATCTCCCACCACCTGGATGTCGACAGCGGCGGTGAACTTTGACCATGCAGCCCAATCATCCTGATCGAAGGGATCCTCAATGGACTGGACGGGATATCCCTTGATGAAGCTCTTGTACAGATCTCCCAGCTGATCCCCGGTGATGTACCTGGCAGGGTCGTCAGGTGACTTGAAGTCTAGGTCGTACTTTCCTGCCTT
17,1010207,Omy.12249,CB497480,0.3185948798969008,-0.0289796388874917,0.6661693986812933,10.77376190651362,2.3411123630735293,0.0651813736039097,0.1838001083897137,-5.0414641383752095,ACTATTTACACGTATAGATCATTTATTGAACGAACAATAAACAGATAACAGGTGGGTCAGGGTCACTCGTGTTCCTCGCTGCGTAGCCTGGCGTTGGGGTTGGTGATCTTAATAGCAAGCTGAGCTGCCCTCTCCACGATCAACTTCCTGTTCTTTGACGACACATTGTGGGCTATCTCTGCAGCATGGGTCTTGTTGCTCATCATGAGGACCTCCA
18,1010208,Omy.12249,CB497480,0.1708583634549011,-0.1464617463720848,0.4881784732818871,10.720800423230209,1.3752132334283584,0.2263001081119032,0.4199487556611243,-6.295391684471766,ACTATTTACACGTATAGATCATTTATTGAACGAACAATAAACAGATAACAGGTGGGTCAGGGTCACTCGTGTTCCTCGCTGCGTAGCCTGGCGTTGGGGTTGGTGATCTTAATAGCAAGCTGAGCTGCCCTCTCCACGATCAACTTCCTGTTCTTTGACGACACATTGTGGGCTATCTCTGCAGCATGGGTCTTGTTGCTCATCATGAGGACCTCCA
19,1010209,Omy.38462,CB487009,-0.532959569534655,-0.7903457129355885,-0.2755734261337214,10.60916799542405,-5.288597294998065,0.0030198941537926,0.0273255821693909,-1.6273237238112008,GGTGGTTTGTGGTGTTGATAGCTAAATTTACAACATGGTCGAGGCGTTCGTTGGAACTTGGAAGATGACTTCCAGTGAGAATTTTGATGAATATATGAAGGCAATAGGTGTGGGTTTTGCTACTCGGCAGATGGGGAATATGGCGAAGCCCAATTTGCTGTTCAGCATCGACGACGGTGTAATATCAATGAAATCCCAGAGCACTTTCAAAACCACAGAGGCCAAGTTTAAATTGAATGAAGAATTCGACGAGGTGACTGCAGATGACAGGAAAACCAAGACTCTGATGACCTTTGAGAACGGAAAACTGGTGCAGAAACAAACTTGGGACGGCAAGACAACCACGCTCGAGCGGGAGTTGCAAGATGGAAAATTGATTGCGAAATGTGTCATGGATGATGTGGTGGCGCTGAGGACCTATGAGAAAGAGGTGTGATTCCAGTCTGCTGAATTGAAGACCCCCACCAGCAAAAACATACATGTTTTTGATATCTGTTCAG
20,1010210,Omy.38462,CB487009,-0.5810413838817858,-1.028177394656357,-0.1339053731072145,10.498597115620406,-3.318935513757331,0.0203592392832922,0.0841910210345907,-3.7733214636213583,GGTGGTTTGTGGTGTTGATAGCTAAATTTACAACATGGTCGAGGCGTTCGTTGGAACTTGGAAGATGACTTCCAGTGAGAATTTTGATGAATATATGAAGGCAATAGGTGTGGGTTTTGCTACTCGGCAGATGGGGAATATGGCGAAGCCCAATTTGCTGTTCAGCATCGACGACGGTGTAATATCAATGAAATCCCAGAGCACTTTCAAAACCACAGAGGCCAAGTTTAAATTGAATGAAGAATTCGACGAGGTGACTGCAGATGACAGGAAAACCAAGACTCTGATGACCTTTGAGAACGGAAAACTGGTGCAGAAACAAACTTGGGACGGCAAGACAACCACGCTCGAGCGGGAGTTGCAAGATGGAAAATTGATTGCGAAATGTGTCATGGATGATGTGGTGGCGCTGAGGACCTATGAGAAAGAGGTGTGATTCCAGTCTGCTGAATTGAAGACCCCCACCAGCAAAAACATACATGTTTTTGATATCTGTTCAG
